INSERT INTO REGIONE VALUES('ABRUZZO');
INSERT INTO REGIONE VALUES('BASILICATA');
INSERT INTO REGIONE VALUES('CALABRIA');
INSERT INTO REGIONE VALUES('CAMPANIA');
INSERT INTO REGIONE VALUES('EMILIA ROMAGNA');
INSERT INTO REGIONE VALUES('FRIULI VENEZIA GIULIA');
INSERT INTO REGIONE VALUES('LAZIO');
INSERT INTO REGIONE VALUES('LIGURIA');
INSERT INTO REGIONE VALUES('LOMBARDIA');
INSERT INTO REGIONE VALUES('MARCHE');
INSERT INTO REGIONE VALUES('MOLISE');
INSERT INTO REGIONE VALUES('PIEMONTE');
INSERT INTO REGIONE VALUES('PUGLIA');
INSERT INTO REGIONE VALUES('SARDEGNA');
INSERT INTO REGIONE VALUES('SICILIA');
INSERT INTO REGIONE VALUES('TOSCANA');
INSERT INTO REGIONE VALUES('TRENTINO ALTO ADIGE');
INSERT INTO REGIONE VALUES('UMBRIA');
INSERT INTO REGIONE VALUES('VAL D''AOSTA');
INSERT INTO REGIONE VALUES('VENETO');




INSERT INTO CAPOLUOGO VALUES('CHIETI','42.349586','14.162161','ABRUZZO');
INSERT INTO CAPOLUOGO VALUES('L''AQUILA','42.3337556','13.3769586','ABRUZZO');
INSERT INTO CAPOLUOGO VALUES('PESCARA','42.466014','14.212362','ABRUZZO');
INSERT INTO CAPOLUOGO VALUES('TERAMO','42.667467','13.694811','ABRUZZO');
	 	
	 


INSERT INTO CAPOLUOGO VALUES('MATERA','40.66976','16.599263','BASILICATA');
INSERT INTO CAPOLUOGO VALUES('POTENZA','40.642575','15.801009','BASILICATA');




INSERT INTO CAPOLUOGO VALUES('CATANZARO','38.915093','16.584644','CALABRIA');
INSERT INTO CAPOLUOGO VALUES('COSENZA','39.304391','16.247257','CALABRIA');
INSERT INTO CAPOLUOGO VALUES('CROTONE','39.082632','17.124509','CALABRIA');
INSERT INTO CAPOLUOGO VALUES('REGGIO CALABRIA','38.112161','15.645547','CALABRIA');
INSERT INTO CAPOLUOGO VALUES('VIBO VALENTIA','38.67811','16.096282','CALABRIA');




INSERT INTO CAPOLUOGO VALUES('AVELLINO','40.915203','14.788339','CAMPANIA');
INSERT INTO CAPOLUOGO VALUES('BENEVENTO','41.132201','14.778823','CAMPANIA');
INSERT INTO CAPOLUOGO VALUES('CASERTA','41.073103','14.328333','CAMPANIA');
INSERT INTO CAPOLUOGO VALUES('NAPOLI','40.854274','14.265142','CAMPANIA');
INSERT INTO CAPOLUOGO VALUES('SALERNO','40.684672','14.766189','CAMPANIA');




INSERT INTO CAPOLUOGO VALUES('BOLOGNA','44.500511','11.340312','EMILIA ROMAGNA');
INSERT INTO CAPOLUOGO VALUES('FERRARA','44.839554','11.617462','EMILIA ROMAGNA');
INSERT INTO CAPOLUOGO VALUES('CESENA','44.14082','12.243779','EMILIA ROMAGNA');
INSERT INTO CAPOLUOGO VALUES('MODENA','44.648915','10.923871','EMILIA ROMAGNA');
INSERT INTO CAPOLUOGO VALUES('PARMA','44.802416','10.325768','EMILIA ROMAGNA');
INSERT INTO CAPOLUOGO VALUES('PIACENZA','45.054506','9.691221','EMILIA ROMAGNA');
INSERT INTO CAPOLUOGO VALUES('RAVENNA','44.418837','12.20107','EMILIA ROMAGNA');
INSERT INTO CAPOLUOGO VALUES('REGGIO EMILIA','44.6865118','10.6532254','EMILIA ROMAGNA');
INSERT INTO CAPOLUOGO VALUES('RIMINI','44.068541','12.567259','EMILIA ROMAGNA');




INSERT INTO CAPOLUOGO VALUES('GORIZIA','45.94156','13.617836','FRIULI VENEZIA GIULIA');
INSERT INTO CAPOLUOGO VALUES('PORDENONE','45.9707737','12.6524863','FRIULI VENEZIA GIULIA');
INSERT INTO CAPOLUOGO VALUES('TRIESTE','45.651108','13.773168','FRIULI VENEZIA GIULIA');
INSERT INTO CAPOLUOGO VALUES('UDINE','46.071953','13.231205','FRIULI VENEZIA GIULIA');




INSERT INTO CAPOLUOGO VALUES('FROSINONE','41.641082','13.338801','LAZIO');
INSERT INTO CAPOLUOGO VALUES('LATINA','41.469041','12.901618','LAZIO');
INSERT INTO CAPOLUOGO VALUES('RIETI','42.405524','12.854329','LAZIO');
INSERT INTO CAPOLUOGO VALUES('ROMA','41.905181','12.493392','LAZIO');
INSERT INTO CAPOLUOGO VALUES('VITERBO','42.421692','12.105166','LAZIO');




INSERT INTO CAPOLUOGO VALUES('GENOVA','44.406466','8.943084','LIGURIA');
INSERT INTO CAPOLUOGO VALUES('IMPERIA','43.890747','8.036813','LIGURIA');
INSERT INTO CAPOLUOGO VALUES('LA SPEZIA','44.103861','9.819793','LIGURIA');
INSERT INTO CAPOLUOGO VALUES('SAVONA','44.299599','8.462254','LIGURIA');




INSERT INTO CAPOLUOGO VALUES('BERGAMO','45.700567','9.674547','LOMBARDIA');
INSERT INTO CAPOLUOGO VALUES('BRESCIA','45.543131','10.209311','LOMBARDIA');
INSERT INTO CAPOLUOGO VALUES('COMO','45.808479','9.082576','LOMBARDIA');
INSERT INTO CAPOLUOGO VALUES('CREMONA','45.13452','10.020123','LOMBARDIA');
INSERT INTO CAPOLUOGO VALUES('LECCO','45.857665','9.393779','LOMBARDIA');
INSERT INTO CAPOLUOGO VALUES('LODI','45.311265','9.501389','LOMBARDIA');
INSERT INTO CAPOLUOGO VALUES('MANTOVA','45.158123','10.788482','LOMBARDIA');
INSERT INTO CAPOLUOGO VALUES('MILANO','45.465433','9.186091','LOMBARDIA');
INSERT INTO CAPOLUOGO VALUES('MONZA','45.585264','9.272452','LOMBARDIA');
INSERT INTO CAPOLUOGO VALUES('PAVIA','45.185324','9.155802','LOMBARDIA');
INSERT INTO CAPOLUOGO VALUES('SONDRIO','46.170989','9.875884','LOMBARDIA');
INSERT INTO CAPOLUOGO VALUES('VARESE','45.823103','8.823071','LOMBARDIA');




INSERT INTO CAPOLUOGO VALUES('ANCONA','43.627514', '13.505749','MARCHE');
INSERT INTO CAPOLUOGO VALUES('ASCOLI PICENO','42.861241','13.573407','MARCHE');
INSERT INTO CAPOLUOGO VALUES('FERMO','43.1632354','13.6927671','MARCHE');
INSERT INTO CAPOLUOGO VALUES('MACERATA','43.296137','13.4168577','MARCHE');
INSERT INTO CAPOLUOGO VALUES('URBINO','43.7506718','12.4643188','MARCHE');


 	
	 	
INSERT INTO CAPOLUOGO VALUES('CAMPOBASSO','41.7156317',',14.2092313','MOLISE');
INSERT INTO CAPOLUOGO VALUES('ISERNIA','41.5978323','14.2161917','MOLISE');




INSERT INTO CAPOLUOGO VALUES('ALESSANDRIA','44.9085269','8.5622386','PIEMONTE');
INSERT INTO CAPOLUOGO VALUES('ASTI','44.8256281','7.9183649','PIEMONTE');
INSERT INTO CAPOLUOGO VALUES('BIELLA','45.5705491','8.0198213','PIEMONTE');
INSERT INTO CAPOLUOGO VALUES('CUNEO','44.3920614','7.4861495','PIEMONTE');
INSERT INTO CAPOLUOGO VALUES('NOVARA','45.5838528','8.2965721','PIEMONTE');
INSERT INTO CAPOLUOGO VALUES('TORINO','45.098518','7.685788','PIEMONTE');
INSERT INTO CAPOLUOGO VALUES('VERBANIA','46.084023',' 8.336367','PIEMONTE');
INSERT INTO CAPOLUOGO VALUES('VERCELLI','45.322417','8.417717','PIEMONTE');




INSERT INTO CAPOLUOGO VALUES('ANDRIA','41.223495','16.293429','PUGLIA');
INSERT INTO CAPOLUOGO VALUES('BARI','41.1066361','16.7770173','PUGLIA');
INSERT INTO CAPOLUOGO VALUES('BRINDISI','40.633939','17.939018','PUGLIA');
INSERT INTO CAPOLUOGO VALUES('FOGGIA','41.464169','15.541479','PUGLIA');
INSERT INTO CAPOLUOGO VALUES('LECCE','40.352444','18.173173','PUGLIA');
INSERT INTO CAPOLUOGO VALUES('TARANTO','40.4649755','17.2449265','PUGLIA');




INSERT INTO CAPOLUOGO VALUES('CAGLIARI','39.235681','9.118768','SARDEGNA');
INSERT INTO CAPOLUOGO VALUES('NUORO','40.320824','9.323702','SARDEGNA');
INSERT INTO CAPOLUOGO VALUES('SASSARI','40.728652','8.553268','SARDEGNA');
INSERT INTO CAPOLUOGO VALUES('ORISTANO','39.906768','8.586872','SARDEGNA');
INSERT INTO CAPOLUOGO VALUES('SUD SARDEGNA','39.5269231','9.0281753','SARDEGNA');
		
	 	

INSERT INTO CAPOLUOGO VALUES('AGRIGENTO','37.314336','13.583073','SICILIA');
INSERT INTO CAPOLUOGO VALUES('CALTANISSETTA','37.490521','14.060265','SICILIA');
INSERT INTO CAPOLUOGO VALUES('CATANIA','37.509352','15.08128','SICILIA');
INSERT INTO CAPOLUOGO VALUES('ENNA','37.566849','14.27277','SICILIA');
INSERT INTO CAPOLUOGO VALUES('MESSINA','38.194451','15.551974','SICILIA');
INSERT INTO CAPOLUOGO VALUES('PALERMO','38.1298273','13.0512955','SICILIA');
INSERT INTO CAPOLUOGO VALUES('RAGUSA','36.928417','14.722393','SICILIA');
INSERT INTO CAPOLUOGO VALUES('SIRACUSA','37.077489','15.283975','SICILIA');
INSERT INTO CAPOLUOGO VALUES('TRAPANI','38.018042','12.534544','SICILIA');
	 



	 
INSERT INTO CAPOLUOGO VALUES('AREZZO','43.464943','11.877087','TOSCANA');
INSERT INTO CAPOLUOGO VALUES('FIRENZE','43.775125','11.24916','TOSCANA');
INSERT INTO CAPOLUOGO VALUES('GROSSETO','42.766122','11.108891','TOSCANA');
INSERT INTO CAPOLUOGO VALUES('LIVORNO','43.549182','10.308136','TOSCANA');
INSERT INTO CAPOLUOGO VALUES('LUCCA','43.839332','10.492189','TOSCANA');
INSERT INTO CAPOLUOGO VALUES('MASSA CARRARA','44.059703','10.111108','TOSCANA');
INSERT INTO CAPOLUOGO VALUES('PISA','43.724151','10.399245','TOSCANA');
INSERT INTO CAPOLUOGO VALUES('PISTOIA','43.931685','10.905872','TOSCANA');
INSERT INTO CAPOLUOGO VALUES('PRATO','43.878556','11.09972','TOSCANA');
INSERT INTO CAPOLUOGO VALUES('SIENA','43.321091','11.328736','TOSCANA');

	


INSERT INTO CAPOLUOGO VALUES('BOLZANO','46.505625','11.353138','TRENTINO ALTO ADIGE'); 
INSERT INTO CAPOLUOGO VALUES('TRENTO','46.077469','11.120477','TRENTINO ALTO ADIGE');




INSERT INTO CAPOLUOGO VALUES('PERUGIA','43.111784','12.388122','UMBRIA');
INSERT INTO CAPOLUOGO VALUES('TERNI','42.565287','12.640573','UMBRIA');




INSERT INTO CAPOLUOGO VALUES('AOSTA','45.737329','7.310078','VAL D''AOSTA');




INSERT INTO CAPOLUOGO VALUES('BELLUNO','46.144309','12.213239','VENETO');
INSERT INTO CAPOLUOGO VALUES('PADOVA','45.407087','11.873971','VENETO');
INSERT INTO CAPOLUOGO VALUES('ROVIGO','45.070207','11.787776','VENETO');
INSERT INTO CAPOLUOGO VALUES('TREVISO','45.668229','12.241247','VENETO');
INSERT INTO CAPOLUOGO VALUES('VENEZIA','45.443164','12.316839','VENETO');
INSERT INTO CAPOLUOGO VALUES('VERONA','45.43994','10.989682','VENETO');
INSERT INTO CAPOLUOGO VALUES('VICENZA','45.546655','11.533215','VENETO');




INSERT INTO ELEMENTO VALUES('SO2');
INSERT INTO ELEMENTO VALUES('NO2');
INSERT INTO ELEMENTO VALUES('PM');
INSERT INTO ELEMENTO VALUES('C6H6');
INSERT INTO ELEMENTO VALUES('IPA');
INSERT INTO ELEMENTO VALUES('PB');
INSERT INTO ELEMENTO VALUES('NI');
INSERT INTO ELEMENTO VALUES('CD');
INSERT INTO ELEMENTO VALUES('O3');
INSERT INTO ELEMENTO VALUES('CO');
