<?xml version="1.0" encoding="UTF-8"?>
<project-private xmlns="http://www.netbeans.org/ns/project-private/1">
    <editor-bookmarks xmlns="http://www.netbeans.org/ns/editor-bookmarks/2" lastBookmarkId="0"/>
    <open-files xmlns="http://www.netbeans.org/ns/projectui-open-files/2">
        <group>
            <file>file:/home/gigernau/Scrivania/Università/III%20Anno/Tec.Web/Inquinamento/web/welcomeStruts.jsp</file>
            <file>file:/home/gigernau/Scrivania/Università/III%20Anno/Tec.Web/Inquinamento/src/java/ConnectionDb/DataAccessObject.java</file>
            <file>file:/home/gigernau/Scrivania/Università/III%20Anno/Tec.Web/Inquinamento/web/Page2.jsp</file>
            <file>file:/home/gigernau/Scrivania/Università/III%20Anno/Tec.Web/Inquinamento/src/java/ConnectionDb/ConnectDataBase.java</file>
        </group>
    </open-files>
</project-private>
